Station_ID,平均实际功率(MW),平均理论功率(MW),平均性能比,性能比标准差,最大性能比,最小性能比,白天数据点数
station01,7.372436361618483,9.50430044122118,1.5882898898189362,15.63257273516659,1744.6425049453244,0.0,16534
station04,9.169537353514562,9.652609211282542,1.958913941030693,18.183940111638222,2269.258701530673,0.0,16517
station09,2.874539212248469,9.28851193011615,0.49939300289678196,1.4180197380032298,93.48774681675694,0.0,11430
