RMSE,MAE,ME,Correlation,Accuracy,Qualification_Rate,Sample_Count
0.05333185346097488,0.025278710722933796,-0.0079030921389807,0.9781422424861916,94.6668146539025,98.76543209876543,405
