RMSE,MAE,ME,Correlation,Accuracy,Qualification_Rate,Sample_Count
0.056380057004757164,0.02660917891238157,-0.006780814329703237,0.969324669006965,94.36199429952428,98.44559585492227,386
