RMSE,MAE,ME,Correlation,Accuracy,Qualification_Rate,Sample_Count
0.06966964947977848,0.02932273634206063,-0.013866393884334726,0.9594239359814777,93.03303505202216,97.45547073791349,393
