RMSE,MAE,ME,Correlation,Accuracy,Qualification_Rate,Sample_Count
0.09365112431575214,0.06174714311829836,-0.05341692025100462,0.9534318292043317,90.63488756842479,97.01492537313433,402
