站点,RMSE,MAE,相关系数,准确率(%),合格率(%),样本数
station00,0.011487,0.005416,0.9988,98.85,100.00,386
station04,0.013798,0.006440,0.9984,98.62,100.00,396
station05,0.012522,0.006553,0.9988,98.75,100.00,405
station09,0.021497,0.010352,0.9960,97.85,100.00,402
