站点,RMSE,MAE,ME,相关系数,准确率(%),合格率(%),样本数
station00,0.051786,0.024436,-0.009362,0.9697,94.82,98.70,386
station04,0.063551,0.026358,-0.012197,0.9599,93.64,97.73,396
station05,0.047452,0.022022,-0.007605,0.9795,95.25,98.77,405
station09,0.048904,0.026293,-0.009591,0.9758,95.11,99.00,402
