站点,RMSE,MAE,ME,相关系数,准确率(%),合格率(%),样本数
station00,0.010529,0.004964,-0.002371,0.9988,98.95,100.00,386
station04,0.012648,0.005903,-0.002224,0.9984,98.74,100.00,396
station05,0.011478,0.006007,-0.001415,0.9988,98.85,100.00,405
station09,0.019705,0.009489,-0.002944,0.9960,98.03,100.00,402
