站点ID,数据点数,特征数量,测试集MAE,测试集RMSE,测试集R²,测试集MAPE,预测平均功率,预测最大功率,预测最小功率
station01,33408,47,0.11219191509354222,0.2235957908064108,0.9985936134220809,2.853005757527343,1.4969623419420752,10.196598947922645,0.0
station04,33408,47,0.21346961219724228,0.44794273344600716,0.9966563421002672,3.8374885167543606,1.7609288217205463,12.524183891398659,0.0
station09,25056,47,0.2729216708123893,0.687703013862207,0.949144447223292,5.883943118216443,0.4970699032033247,3.7414203619602273,0.0
