RMSE,MAE,ME,Correlation,Accuracy,Qualification_Rate,Sample_Count
0.06932922579332898,0.02875502530804091,-0.013305538330397286,0.9599318924644279,93.0670774206671,97.47474747474747,396
