RMSE,MAE,ME,Correlation,Accuracy,Qualification_Rate,Sample_Count
0.012521811694860094,0.00655344347242176,-0.0015433765089875272,0.998797989016861,98.74781883051399,100.0,405
