RMSE,MAE,ME,Correlation,Accuracy,Qualification_Rate,Sample_Count
0.056496478582764104,0.026658723303659912,-0.010213348084129137,0.9696550126265997,94.35035214172359,98.44559585492227,386
