RMSE,MAE,ME,Correlation,Accuracy,Qualification_Rate,Sample_Count
0.0214968626116851,0.010351628895688218,-0.003211516867069548,0.9960127128172053,97.85031373883149,100.0,402
