RMSE,MAE,ME,Correlation,Accuracy,Qualification_Rate,Sample_Count
0.05334968636157641,0.02868360974355957,-0.010462947895833083,0.9757693140467686,94.66503136384236,98.75621890547264,402
