RMSE,MAE,ME,Correlation,Accuracy,Qualification_Rate,Sample_Count
0.013798321836517219,0.006440240970276826,-0.002425889024126661,0.9984347517631695,98.62016781634829,100.0,396
