RMSE,MAE,ME,Correlation,Accuracy,Qualification_Rate,Sample_Count
0.051765707454788965,0.024024104162393468,-0.008296020419275185,0.9795158269052097,94.8234292545211,98.76543209876543,405
