RMSE,MAE,ME,Correlation,Accuracy,Qualification_Rate,Sample_Count
0.01148690969505316,0.005415543888034318,-0.0025866927575698756,0.9987642751425843,98.85130903049469,100.0,386
